data,produto,vendedor,quantidade,preco_unitario,cidade,faturamento
2025-01-01,mouse,João,2,80.74,SÃO PAULO,161.48
2025-01-01,mouse,Bianca,1,112.2,CAMPINAS,112.2
2025-01-01,notebook,Bianca,1,4938.51,RIO DE JANEIRO,4938.51
2025-01-02,webcam,Bianca,4,201.84,SÃO PAULO,807.36
2025-01-02,mouse,Pedro,1,115.17,BH,115.17
2025-01-02,notebook,Mariana,2,5244.37,RIO DE JANEIRO,10488.74
2025-01-03,mouse,Bianca,3,62.04,CURITIBA,186.12
2025-01-03,cadeira gamer,João,1,1301.22,BELO HORIZONTE,1301.22
2025-01-03,webcam,Mariana,2,282.8,RIO DE JANEIRO,565.6
2025-01-03,mouse,Lucas,1,91.5,BELO HORIZONTE,91.5
2025-01-04,notebook,Lucas,2,3686.64,PORTO ALEGRE,7373.28
2025-01-04,ssd 1tb,Ana,3,463.59,RECIFE,1390.77
2025-01-04,notebook,Ana,4,4429.22,SÃO PAULO,17716.88
2025-01-04,fonte,Carlos,1,444.88,RECIFE,444.88
2025-01-04,mouse,Ana,2,129.81,RIO DE JANEIRO,259.62
2025-01-04,webcam,Bianca,2,376.6,SALVADOR,753.2
2025-01-05,impressora,Bianca,3,797.42,SÃO PAULO,2392.26
2025-01-05,ssd 1tb,Mariana,4,374.37,SÃO PAULO,1497.48
2025-01-06,mouse,Carlos,3,126.75,PORTO ALEGRE,380.25
2025-01-06,headset,Pedro,1,346.99,BELO HORIZONTE,346.99
2025-01-07,ssd 1tb,Carlos,1,452.67,RIO DE JANEIRO,452.67
2025-01-07,mouse,Mariana,1,64.53,SÃO PAULO,64.53
2025-01-07,hub usb,Pedro,3,204.84,BELO HORIZONTE,614.52
2025-01-07,monitor,Ana,2,1426.44,CURITIBA,2852.88
2025-01-08,teclado,Mariana,1,139.89,PORTO ALEGRE,139.89
2025-01-08,teclado,Ana,5,187.12,SÃO PAULO,935.6
2025-01-09,roteador,João,2,479.77,SÃO PAULO,959.54
2025-01-09,hub usb,Fernanda,1,59.33,RIO DE JANEIRO,59.33
2025-01-09,notebook,Pedro,3,3893.85,CURITIBA-PR,11681.55
2025-01-09,hub usb,Ana,1,104.58,PORTO ALEGRE,104.58
2025-01-09,hub usb,Ana,2,100.13,RIO DE JANEIRO,200.26
2025-01-09,roteador,Pedro,6,612.92,SÃO PAULO,3677.52
2025-01-09,headset,Lucas,1,442.59,CAMPINAS,442.59
2025-01-10,teclado,Lucas,2,92.44,PORTO ALEGRE,184.88
2025-01-10,notebook,Fernanda,1,3719.85,CURITIBA,3719.85
2025-01-10,ssd 1tb,Ana,1,695.58,SALVADOR,695.58
2025-01-10,mouse,Lucas,6,188.17,SÃO PAULO,1129.02
2025-01-10,mouse,Carlos,2,101.95,BELO HORIZONTE,203.9
2025-01-10,impressora,Carlos,1,687.42,RIO DE JANEIRO,687.42
2025-01-11,mouse,Bianca,6,151.06,SÃO PAULO,906.36
2025-01-11,monitor,Carlos,2,1420.98,SÃO PAULO,2841.96
2025-01-11,teclado,Ana,2,233.61,CURITIBA,467.22
2025-01-11,impressora,Bianca,2,1276.02,SÃO PAULO,2552.04
2025-01-11,notebook,Bianca,2,3316.02,RIO DE JANEIRO,6632.04
2025-01-11,notebook,Bianca,1,4537.96,SÃO PAULO,4537.96
2025-01-11,fonte,Ana,4,291.92,RIO DE JANEIRO,1167.68
2025-01-11,monitor,Mariana,3,936.25,CAMPINAS,2808.75
2025-01-11,headset,Mariana,3,277.72,BELO HORIZONTE,833.16
2025-01-11,teclado,Carlos,3,200.35,SÃO PAULO,601.05
2025-01-12,fonte,Ana,6,262.92,SALVADOR,1577.52
2025-01-12,monitor,Lucas,2,816.1,SALVADOR,1632.2
2025-01-12,monitor,Carlos,6,1000.62,RECIFE,6003.72
2025-01-12,fonte,Ana,3,268.54,SÃO PAULO,805.62
2025-01-12,fonte,Ana,1,285.0,RIO DE JANEIRO,285.0
2025-01-12,ssd 1tb,Ana,2,449.82,CAMPINAS,899.64
2025-01-13,impressora,Pedro,3,1223.31,SÃO PAULO,3669.93
2025-01-14,monitor,João,5,5019.63,CURITIBA,25098.15
2025-01-14,impressora,Bianca,1,972.75,SALVADOR,972.75
2025-01-14,cadeira gamer,Ana,3,2294.6,RIO DE JANEIRO,6883.8
2025-01-15,mouse,Ana,1,258.49,BELO HORIZONTE,258.49
2025-01-15,ssd 1tb,Não Informado,1,397.68,RIO DE JANEIRO,397.68
2025-01-15,teclado,Mariana,3,309.35,CAMPINAS,928.05
2025-01-15,ssd 1tb,Mariana,4,500.33,SÃO PAULO,2001.32
2025-01-15,mouse,Ana,1,167.77,CURITIBA,167.77
2025-01-15,webcam,Pedro,1,267.43,CURITIBA,267.43
2025-01-16,mouse,Não Informado,2,50.74,RECIFE,101.48
2025-01-16,mouse,Pedro,5,182.85,RIO DE JANEIRO,914.25
2025-01-17,impressora,Ana,1,607.25,RIO DE JANEIRO,607.25
2025-01-17,impressora,Não Informado,6,1099.16,SÃO PAULO,6594.96
2025-01-17,teclado,Ana,4,173.02,CAMPINAS,692.08
2025-01-17,mouse,Lucas,1,125.31,CURITIBA,125.31
2025-01-18,mouse,Bianca,1,192.81,BELO HORIZONTE,192.81
2025-01-18,impressora,Carlos,3,1317.04,SÃO PAULO,3951.12
2025-01-18,mouse,João,4,182.54,SÃO PAULO,730.16
2025-01-18,mouse,Carlos,1,141.49,SALVADOR,141.49
2025-01-18,webcam,Carlos,3,322.62,SÃO PAULO,967.86
2025-01-18,webcam,Mariana,1,245.57,SÃO PAULO,245.57
2025-01-19,mouse,Bianca,3,122.96,SÃO PAULO,368.88
2025-01-19,notebook,João,2,4628.18,CAMPINAS,9256.36
2025-01-19,mouse,Mariana,5,90.32,SÃO PAULO,451.6
2025-01-19,teclado,Ana,1,188.25,SÃO PAULO,188.25
2025-01-19,mouse,Lucas,2,121.68,RIO DE JANEIRO,243.36
2025-01-19,impressora,Mariana,5,595.81,RIO DE JANEIRO,2979.05
2025-01-19,headset,Carlos,4,463.43,RIO DE JANEIRO,1853.72
2025-01-19,hub usb,Mariana,2,151.54,SÃO PAULO,303.08
2025-01-20,headset,Ana,1,145.48,CAMPINAS,145.48
2025-01-20,teclado,Fernanda,2,171.26,RIO DE JANEIRO,342.52
2025-01-20,headset,Mariana,2,281.67,CURITIBA,563.34
2025-01-20,impressora,João,2,1172.01,CAMPINAS,2344.02
2025-01-20,fonte,João,4,319.57,SÃO PAULO,1278.28
2025-01-20,impressora,Mariana,2,1386.24,BELO HORIZONTE,2772.48
2025-01-21,impressora,Mariana,1,1161.86,RIO DE JANEIRO,1161.86
2025-01-21,monitor,Carlos,2,1298.16,PORTO ALEGRE,2596.32
2025-01-21,roteador,Pedro,1,461.88,RIO DE JANEIRO,461.88
2025-01-21,impressora,João,3,903.39,SÃO PAULO,2710.17
2025-01-21,webcam,Fernanda,2,396.87,RIO DE JANEIRO,793.74
2025-01-21,hub usb,Fernanda,1,143.72,SÃO PAULO,143.72
2025-01-21,notebook,Carlos,1,107.11,RECIFE,107.11
2025-01-21,monitor,Carlos,1,1298.16,PORTO ALEGRE,1298.16
2025-01-21,mouse,Ana,5,166.51,SÃO PAULO,832.55
2025-01-22,mouse,Fernanda,3,174.14,CURITIBA,522.42
2025-01-22,mouse,Bianca,1,141.52,SÃO PAULO,141.52
2025-01-22,roteador,Fernanda,4,512.29,BELO HORIZONTE,2049.16
2025-01-22,headset,Fernanda,1,129.13,BELO HORIZONTE,129.13
2025-01-23,roteador,Não Informado,2,396.18,CAMPINAS,792.36
2025-01-23,webcam,Carlos,3,354.92,RECIFE,1064.76
2025-01-23,ssd 1tb,Fernanda,1,334.13,PORTO ALEGRE,334.13
2025-01-23,ssd 1tb,João,1,631.21,BELO HORIZONTE,631.21
2025-01-24,mouse,Não Informado,6,78.59,CURITIBA,471.54
2025-01-24,teclado,Lucas,5,102.43,SALVADOR,512.15
2025-01-25,mouse,Carlos,3,163.89,CURITIBA,491.67
2025-01-25,teclado,Pedro,4,277.44,CURITIBA,1109.76
2025-01-26,roteador,Ana,1,399.45,RIO DE JANEIRO,399.45
2025-01-26,webcam,Lucas,1,361.14,SÃO PAULO,361.14
2025-01-27,notebook,Ana,3,4156.54,CAMPINAS,12469.62
2025-01-27,headset,Ana,1,219.42,RECIFE,219.42
2025-01-27,hub usb,Pedro,2,164.25,RIO DE JANEIRO,328.5
2025-01-27,teclado,Pedro,3,135.03,BELO HORIZONTE,405.09
2025-01-27,roteador,Carlos,1,746.65,SP,746.65
2025-01-28,roteador,Bianca,2,607.1,SÃO PAULO,1214.2
2025-01-28,headset,Carlos,6,102.16,RIO DE JANEIRO,612.96
2025-01-28,impressora,Carlos,3,1091.74,RIO DE JANEIRO,3275.22
2025-01-28,ssd 1tb,Não Informado,3,478.65,SÃO PAULO,1435.95
2025-01-28,mouse,Ana,1,58.94,BELO HORIZONTE,58.94
2025-01-28,teclado,Não Informado,1,125.41,SÃO PAULO,125.41
2025-01-29,impressora,Pedro,1,802.52,BELO HORIZONTE,802.52
2025-01-29,headset,João,2,406.34,CURITIBA,812.68
2025-01-29,mouse,João,5,153.1,PORTO ALEGRE,765.5
2025-01-29,webcam,Carlos,1,303.22,RIO DE JANEIRO,303.22
2025-01-29,fonte,Lucas,4,417.8,RIO DE JANEIRO,1671.2
2025-01-30,teclado,Bianca,4,338.1,BELO HORIZONTE,1352.4
2025-01-30,teclado,Carlos,3,280.96,SÃO PAULO,842.88
2025-01-30,teclado,Bianca,6,127.02,SÃO PAULO,762.12
2025-01-30,headset,Fernanda,1,202.04,CAMPINAS,202.04
2025-01-31,monitor,Lucas,2,823.03,BELO HORIZONTE,1646.06
2025-01-31,webcam,Fernanda,2,144.67,SALVADOR,289.34
2025-01-31,headset,Fernanda,1,447.1,SÃO PAULO,447.1
2025-01-31,monitor,Pedro,4,1123.83,PORTO ALEGRE,4495.32
2025-01-31,impressora,Carlos,4,1026.36,CURITIBA,4105.44
2025-01-31,notebook,Bianca,5,4796.0,SÃO PAULO,23980.0
2025-02-01,notebook,Bianca,1,2816.45,PORTO ALEGRE,2816.45
2025-02-01,monitor,Ana,1,1103.64,CURITIBA,1103.64
2025-02-01,fonte,Carlos,1,258.17,CURITIBA,258.17
2025-02-01,ssd 1tb,Mariana,1,350.97,SÃO PAULO,350.97
2025-02-01,webcam,Bianca,4,274.44,SÃO PAULO,1097.76
2025-02-01,impressora,Fernanda,3,612.47,BELO HORIZONTE,1837.41
2025-02-01,webcam,Mariana,4,184.23,PORTO ALEGRE,736.92
2025-02-01,monitor,Lucas,3,1534.89,BELO HORIZONTE,4604.67
2025-02-02,teclado,Bianca,4,240.02,SÃO PAULO,960.08
2025-02-02,mouse,Carlos,1,91.29,BELO HORIZONTE,91.29
2025-02-03,teclado,João,3,229.67,CURITIBA,689.01
2025-02-03,notebook,João,2,3283.15,SÃO PAULO,6566.3
2025-02-03,mouse,Lucas,2,123.59,BELO HORIZONTE,247.18
2025-02-03,teclado,Ana,4,134.53,RIO DE JANEIRO,538.12
2025-02-04,teclado,Pedro,1,294.49,BELO HORIZONTE,294.49
2025-02-04,mouse,Carlos,2,153.11,RIO DE JANEIRO,306.22
2025-02-04,webcam,Não Informado,3,264.6,CAMPINAS,793.8
2025-02-04,mouse,Pedro,2,57.36,RIO DE JANEIRO,114.72
2025-02-04,fonte,Fernanda,2,219.59,PORTO ALEGRE,439.18
2025-02-05,mouse,João,2,78.48,CAMPINAS,156.96
2025-02-05,webcam,Fernanda,4,388.46,RIO DE JANEIRO,1553.84
2025-02-05,roteador,João,1,781.54,RECIFE,781.54
2025-02-06,teclado,Bianca,2,252.79,SÃO PAULO,505.58
2025-02-06,monitor,Pedro,1,1196.09,CURITIBA,1196.09
2025-02-06,fonte,João,3,314.47,BELO HORIZONTE,943.41
2025-02-06,headset,Fernanda,5,489.21,PORTO ALEGRE,2446.05
2025-02-07,teclado,Carlos,1,298.84,SÃO PAULO,298.84
2025-02-07,roteador,Bianca,2,271.42,BELO HORIZONTE,542.84
2025-02-07,hub usb,João,2,170.02,RECIFE,340.04
2025-02-08,mouse,Bianca,1,105.89,PORTO ALEGRE,105.89
2025-02-08,mouse,Pedro,5,133.71,RECIFE,668.55
2025-02-08,notebook,Pedro,3,3045.83,RIO DE JANEIRO,9137.49
2025-02-08,impressora,Ana,2,832.01,SÃO PAULO,1664.02
2025-02-08,teclado,Ana,6,904.1,RECIFE,5424.6
2025-02-09,mouse,Ana,1,60.99,SÃO PAULO,60.99
2025-02-10,teclado,Ana,2,286.56,RIO DE JANEIRO,573.12
2025-02-10,hub usb,Pedro,5,109.34,CURITIBA-PR,546.7
2025-02-10,webcam,Pedro,2,423.75,SALVADOR,847.5
2025-02-10,monitor,Carlos,2,1455.2,SÃO PAULO,2910.4
2025-02-10,mouse,João,1,156.73,CAMPINAS,156.73
2025-02-11,notebook,Mariana,2,3810.97,RIO DE JANEIRO,7621.94
2025-02-11,mouse,Lucas,5,78.07,SÃO PAULO,390.35
2025-02-11,teclado,Lucas,2,218.12,SÃO PAULO,436.24
2025-02-11,mouse,Pedro,6,141.91,SÃO PAULO,851.46
2025-02-11,teclado,Lucas,2,156.22,CURITIBA-PR,312.44
2025-02-12,impressora,Ana,3,1175.62,CAMPINAS,3526.86
2025-02-12,monitor,Ana,3,963.99,RECIFE,2891.97
2025-02-12,notebook,Carlos,1,4388.6,SÃO PAULO,4388.6
2025-02-12,notebook,Ana,1,4119.65,CURITIBA,4119.65
2025-02-12,teclado,Lucas,1,329.78,SÃO PAULO,329.78
2025-02-12,mouse,Fernanda,3,124.06,SÃO PAULO,372.18
2025-02-13,cadeira gamer,Pedro,1,873.3,SÃO PAULO,873.3
2025-02-13,webcam,Carlos,2,148.93,CAMPINAS,297.86
2025-02-13,ssd 1tb,Lucas,2,392.42,SÃO PAULO,784.84
2025-02-13,mouse,Lucas,2,132.86,SALVADOR,265.72
2025-02-13,hub usb,Carlos,4,120.05,PORTO ALEGRE,480.2
2025-02-14,mouse,Fernanda,1,329.65,BELO HORIZONTE,329.65
2025-02-14,monitor,Mariana,4,784.87,RIO DE JANEIRO,3139.48
2025-02-15,teclado,Fernanda,3,290.59,SÃO PAULO,871.77
2025-02-15,roteador,Carlos,3,676.32,BELO HORIZONTE,2028.96
2025-02-15,fonte,Ana,5,391.38,SÃO PAULO,1956.9
2025-02-16,hub usb,João,2,70.6,PORTO ALEGRE,141.2
2025-02-16,headset,Bianca,4,257.06,SALVADOR,1028.24
2025-02-16,mouse,Lucas,1,50.14,RIO DE JANEIRO,50.14
2025-02-16,headset,Bianca,2,344.23,RECIFE,688.46
2025-02-16,mouse,Ana,3,110.22,BELO HORIZONTE,330.66
2025-02-17,headset,Mariana,1,658.82,SÃO PAULO,658.82
2025-02-17,ssd 1tb,Fernanda,2,318.81,RIO DE JANEIRO,637.62
2025-02-17,monitor,João,5,713.06,RIO DE JANEIRO,3565.3
2025-02-17,teclado,Bianca,1,133.79,CAMPINAS,133.79
2025-02-17,fonte,Pedro,2,322.81,CAMPINAS,645.62
2025-02-17,notebook,Ana,5,5366.98,SÃO PAULO,26834.9
2025-02-17,notebook,Carlos,2,3811.73,SÃO PAULO,7623.46
2025-02-17,headset,Bianca,4,424.73,CAMPINAS,1698.92
2025-02-17,mouse,Pedro,3,82.8,SALVADOR,248.4
2025-02-18,hub usb,Lucas,1,108.5,SÃO PAULO,108.5
2025-02-18,impressora,Pedro,2,1647.32,SÃO PAULO,3294.64
2025-02-18,impressora,Bianca,4,847.15,SALVADOR,3388.6
2025-02-18,teclado,João,4,167.16,SALVADOR,668.64
2025-02-18,monitor,Lucas,1,1448.23,SÃO PAULO,1448.23
2025-02-18,mouse,Carlos,2,106.38,PORTO ALEGRE,212.76
2025-02-18,hub usb,Ana,1,158.61,SÃO PAULO,158.61
2025-02-19,headset,Pedro,6,341.14,BELO HORIZONTE,2046.84
2025-02-19,impressora,Lucas,1,622.71,BELO HORIZONTE,622.71
2025-02-19,mouse,Carlos,1,871.99,SÃO PAULO,871.99
2025-02-19,mouse,Fernanda,2,101.97,RECIFE,203.94
2025-02-19,mouse,Lucas,5,51.5,SÃO PAULO,257.5
2025-02-19,ssd 1tb,Pedro,2,496.08,BELO HORIZONTE,992.16
2025-02-20,notebook,Ana,1,2750.81,CAMPINAS,2750.81
2025-02-20,cadeira gamer,João,1,2062.06,RIO DE JANEIRO,2062.06
2025-02-20,mouse,João,1,103.49,RIO DE JANEIRO,103.49
2025-02-21,mouse,Pedro,2,114.07,BELO HORIZONTE,228.14
2025-02-21,monitor,Carlos,2,1472.87,PORTO ALEGRE,2945.74
2025-02-21,teclado,Bianca,1,298.35,SALVADOR,298.35
2025-02-21,hub usb,Pedro,5,157.81,RIO DE JANEIRO,789.05
2025-02-22,notebook,Bianca,2,4719.05,RECIFE,9438.1
2025-02-22,notebook,Mariana,3,4823.13,SÃO PAULO,14469.39
2025-02-22,notebook,Fernanda,3,3005.7,SALVADOR,9017.1
2025-02-22,ssd 1tb,Mariana,3,487.79,CURITIBA,1463.37
2025-02-23,impressora,Pedro,4,1241.11,RIO DE JANEIRO,4964.44
2025-02-23,teclado,Fernanda,4,354.06,RIO DE JANEIRO,1416.24
2025-02-23,teclado,Carlos,1,183.32,BELO HORIZONTE,183.32
2025-02-23,teclado,Bianca,3,302.69,SÃO PAULO,908.07
2025-02-23,notebook,Bianca,4,3366.47,PORTO ALEGRE,13465.88
2025-02-24,cadeira gamer,Lucas,3,981.34,RIO DE JANEIRO,2944.02
2025-02-24,headset,Ana,5,475.55,CURITIBA,2377.75
2025-02-24,headset,Pedro,6,146.15,SALVADOR,876.9
2025-02-24,monitor,Carlos,1,1317.5,PORTO ALEGRE,1317.5
2025-02-25,headset,Pedro,3,399.41,RIO DE JANEIRO,1198.23
2025-02-25,impressora,Ana,1,815.19,SÃO PAULO,815.19
2025-02-26,impressora,Ana,2,675.55,BELO HORIZONTE,1351.1
2025-02-26,notebook,João,2,4373.68,SÃO PAULO,8747.36
2025-02-26,monitor,Lucas,3,1929.62,RIO DE JANEIRO,5788.86
2025-02-26,mouse,Mariana,6,112.27,PORTO ALEGRE,673.62
2025-02-26,teclado,Pedro,4,225.49,BELO HORIZONTE,901.96
2025-02-26,webcam,Fernanda,1,113.8,BELO HORIZONTE,113.8
2025-02-27,headset,Bianca,4,393.03,SÃO PAULO,1572.12
2025-02-27,teclado,João,1,205.49,PORTO ALEGRE,205.49
2025-02-28,mouse,Não Informado,1,91.43,SALVADOR,91.43
2025-02-28,hub usb,Mariana,4,110.8,RIO DE JANEIRO,443.2
2025-02-28,notebook,Pedro,1,4827.63,SÃO PAULO,4827.63
2025-03-01,teclado,Mariana,2,170.65,RECIFE,341.3
2025-03-01,teclado,Ana,6,291.7,CAMPINAS,1750.2
2025-03-01,webcam,Pedro,3,285.42,SÃO PAULO,856.26
2025-03-01,monitor,Carlos,1,1072.23,RIO DE JANEIRO,1072.23
2025-03-01,notebook,Pedro,2,2951.0,SÃO PAULO,5902.0
2025-03-01,monitor,Ana,1,1249.52,SÃO PAULO,1249.52
2025-03-02,ssd 1tb,Não Informado,6,1214.86,CAMPINAS,7289.16
2025-03-02,mouse,Fernanda,1,116.91,RIO DE JANEIRO,116.91
2025-03-02,mouse,Ana,1,46.72,CURITIBA,46.72
2025-03-02,webcam,Não Informado,4,143.15,RIO DE JANEIRO,572.6
2025-03-02,impressora,Ana,3,525.06,SÃO PAULO,1575.18
2025-03-02,mouse,Ana,5,125.75,SP,628.75
2025-03-02,hub usb,Lucas,5,93.38,BELO HORIZONTE,466.9
2025-03-02,impressora,Mariana,3,623.27,RIO DE JANEIRO,1869.81
2025-03-03,cadeira gamer,Mariana,5,1073.86,CAMPINAS,5369.3
2025-03-03,teclado,Bianca,1,132.44,PORTO ALEGRE,132.44
2025-03-03,roteador,Mariana,2,604.53,SÃO PAULO,1209.06
2025-03-03,notebook,João,4,5326.72,CURITIBA,21306.88
2025-03-03,headset,Lucas,1,412.51,CAMPINAS,412.51
2025-03-04,monitor,Pedro,2,880.32,RIO DE JANEIRO,1760.64
2025-03-04,notebook,Lucas,4,551.05,RIO DE JANEIRO,2204.2
2025-03-04,ssd 1tb,Mariana,4,452.42,CURITIBA,1809.68
2025-03-04,cadeira gamer,Pedro,3,1367.96,PORTO ALEGRE,4103.88
2025-03-04,headset,Fernanda,2,4758.18,CURITIBA,9516.36
2025-03-04,ssd 1tb,Fernanda,2,557.43,RIO DE JANEIRO,1114.86
2025-03-04,mouse,Bianca,4,53.47,SÃO PAULO,213.88
2025-03-05,teclado,Pedro,1,313.01,RIO DE JANEIRO,313.01
2025-03-05,teclado,Ana,2,151.03,SALVADOR,302.06
2025-03-05,mouse,Carlos,4,91.88,PORTO ALEGRE,367.52
2025-03-06,teclado,Carlos,3,326.91,CURITIBA,980.73
2025-03-06,monitor,Bianca,5,1068.91,PORTO ALEGRE,5344.55
2025-03-06,teclado,Carlos,3,206.78,RIO DE JANEIRO,620.34
2025-03-06,hub usb,Mariana,3,100.02,BELO HORIZONTE,300.06
2025-03-07,ssd 1tb,Bianca,1,343.23,BELO HORIZONTE,343.23
2025-03-07,mouse,Não Informado,3,116.71,BELO HORIZONTE,350.13
2025-03-07,hub usb,Ana,6,216.77,SÃO PAULO,1300.62
2025-03-07,hub usb,Pedro,3,156.34,SÃO PAULO,469.02
2025-03-07,fonte,Pedro,2,360.45,PORTO ALEGRE,720.9
2025-03-08,cadeira gamer,Mariana,1,1233.22,PORTO ALEGRE,1233.22
2025-03-08,roteador,Ana,4,600.05,SÃO PAULO,2400.2
2025-03-08,mouse,Ana,2,140.76,CAMPINAS,281.52
2025-03-09,roteador,Ana,3,239.28,CAMPINAS,717.84
2025-03-10,roteador,Bianca,4,431.05,SÃO PAULO,1724.2
2025-03-10,hub usb,Bianca,1,114.58,CAMPINAS,114.58
2025-03-10,monitor,Carlos,3,1493.41,SÃO PAULO,4480.23
2025-03-10,monitor,Ana,2,770.08,PORTO ALEGRE,1540.16
2025-03-10,teclado,João,2,168.14,RIO DE JANEIRO,336.28
2025-03-10,headset,João,2,277.64,SÃO PAULO,555.28
2025-03-10,roteador,Ana,5,601.42,SÃO PAULO,3007.1
2025-03-10,impressora,Fernanda,3,1403.88,CAMPINAS,4211.64
2025-03-10,roteador,Lucas,1,665.35,SÃO PAULO,665.35
2025-03-10,roteador,Mariana,2,744.39,RIO DE JANEIRO,1488.78
2025-03-11,webcam,Ana,1,170.24,CURITIBA,170.24
2025-03-11,teclado,Bianca,2,212.61,CURITIBA,425.22
2025-03-11,notebook,Carlos,1,5443.3,RIO DE JANEIRO,5443.3
2025-03-11,fonte,Fernanda,3,400.03,RIO DE JANEIRO,1200.09
2025-03-11,mouse,Pedro,1,77.98,SÃO PAULO,77.98
2025-03-11,fonte,Carlos,2,388.32,CURITIBA,776.64
2025-03-11,roteador,Mariana,1,516.99,RIO DE JANEIRO,516.99
2025-03-11,mouse,Bianca,2,162.44,SÃO PAULO,324.88
2025-03-11,teclado,Pedro,5,331.87,PORTO ALEGRE,1659.35
2025-03-12,cadeira gamer,Carlos,2,1527.5,CURITIBA,3055.0
2025-03-12,ssd 1tb,Lucas,1,383.68,RECIFE,383.68
2025-03-12,notebook,Bianca,1,4190.33,RIO DE JANEIRO,4190.33
2025-03-12,notebook,Mariana,2,3597.42,BELO HORIZONTE,7194.84
2025-03-12,impressora,João,6,1174.84,CURITIBA,7049.04
2025-03-12,teclado,João,5,118.67,RECIFE,593.35
2025-03-13,cadeira gamer,Pedro,3,1605.16,SÃO PAULO,4815.48
2025-03-13,webcam,Lucas,6,255.02,SALVADOR,1530.12
2025-03-13,teclado,Mariana,1,159.18,SALVADOR,159.18
2025-03-13,fonte,Lucas,3,206.34,BELO HORIZONTE,619.02
2025-03-13,ssd 1tb,João,1,598.6,PORTO ALEGRE,598.6
2025-03-13,ssd 1tb,Não Informado,1,598.6,PORTO ALEGRE,598.6
2025-03-13,notebook,Pedro,1,3590.71,CURITIBA,3590.71
2025-03-13,roteador,Pedro,1,386.08,PORTO ALEGRE,386.08
2025-03-14,ssd 1tb,João,2,448.31,SÃO PAULO,896.62
2025-03-14,hub usb,Mariana,1,65.04,RECIFE,65.04
2025-03-14,teclado,João,3,195.95,BH,587.85
2025-03-14,teclado,Pedro,1,206.7,SALVADOR,206.7
2025-03-14,teclado,João,1,301.86,RIO DE JANEIRO,301.86
2025-03-14,headset,Não Informado,6,233.07,SÃO PAULO,1398.42
2025-03-14,notebook,João,1,346.83,CAMPINAS,346.83
2025-03-14,mouse,Fernanda,4,61.72,SÃO PAULO,246.88
2025-03-15,fonte,Lucas,2,210.21,PORTO ALEGRE,420.42
2025-03-15,teclado,Carlos,2,277.27,SALVADOR,554.54
2025-03-15,teclado,Fernanda,2,328.61,RIO DE JANEIRO,657.22
2025-03-15,notebook,Pedro,3,4067.26,SP,12201.78
2025-03-15,impressora,Mariana,2,1138.51,RIO DE JANEIRO,2277.02
2025-03-15,teclado,Mariana,6,268.01,RIO DE JANEIRO,1608.06
2025-03-15,notebook,Mariana,2,185.6,PORTO ALEGRE,371.2
2025-03-16,monitor,Ana,1,1121.94,RIO DE JANEIRO,1121.94
2025-03-16,impressora,Carlos,1,776.32,PORTO ALEGRE,776.32
2025-03-16,teclado,Fernanda,1,90.67,SALVADOR,90.67
2025-03-16,notebook,Lucas,3,3066.04,CAMPINAS,9198.12
2025-03-16,teclado,Fernanda,3,319.14,RIO DE JANEIRO,957.42
2025-03-16,teclado,Pedro,2,109.37,RIO DE JANEIRO,218.74
2025-03-17,ssd 1tb,João,1,624.25,BELO HORIZONTE,624.25
2025-03-18,teclado,Pedro,1,146.7,SÃO PAULO,146.7
2025-03-18,notebook,João,4,299.92,CAMPINAS,1199.68
2025-03-18,webcam,João,1,158.94,SÃO PAULO,158.94
2025-03-18,notebook,João,3,3044.56,SALVADOR,9133.68
2025-03-18,notebook,Carlos,3,4116.06,RIO DE JANEIRO,12348.18
2025-03-19,fonte,Bianca,5,455.36,RIO DE JANEIRO,2276.8
2025-03-19,ssd 1tb,Ana,2,483.43,BELO HORIZONTE,966.86
2025-03-19,webcam,João,4,324.05,SÃO PAULO,1296.2
2025-03-20,mouse,Carlos,1,177.52,BH,177.52
2025-03-20,notebook,Ana,3,2933.26,SÃO PAULO,8799.78
2025-03-20,cadeira gamer,Lucas,1,1013.14,SÃO PAULO,1013.14
2025-03-20,mouse,Ana,2,64.13,RIO DE JANEIRO,128.26
2025-03-20,notebook,João,2,4443.16,RECIFE,8886.32
2025-03-21,teclado,Bianca,1,250.31,RIO DE JANEIRO,250.31
2025-03-21,monitor,Fernanda,4,1289.3,SP,5157.2
2025-03-21,headset,Pedro,1,340.84,SÃO PAULO,340.84
2025-03-21,teclado,Pedro,2,119.7,SALVADOR,239.4
2025-03-22,mouse,Ana,1,140.11,SÃO PAULO,140.11
2025-03-22,hub usb,Lucas,1,151.99,SÃO PAULO,151.99
2025-03-22,mouse,Mariana,5,107.27,SÃO PAULO,536.35
2025-03-22,webcam,Lucas,2,299.93,SÃO PAULO,599.86
2025-03-22,webcam,Lucas,3,299.93,SÃO PAULO,899.79
2025-03-23,teclado,Carlos,2,173.07,SÃO PAULO,346.14
2025-03-23,teclado,Ana,3,260.83,RIO DE JANEIRO,782.49
2025-03-23,mouse,Carlos,2,82.83,BELO HORIZONTE,165.66
2025-03-23,monitor,Pedro,1,1075.7,BELO HORIZONTE,1075.7
2025-03-24,mouse,Bianca,5,90.11,RIO DE JANEIRO,450.55
2025-03-24,webcam,Mariana,2,281.74,CURITIBA,563.48
2025-03-24,mouse,Pedro,1,93.96,BELO HORIZONTE,93.96
2025-03-24,ssd 1tb,Fernanda,3,314.08,RECIFE,942.24
2025-03-24,headset,Bianca,2,406.65,CAMPINAS,813.3
2025-03-24,hub usb,Pedro,1,68.8,PORTO ALEGRE,68.8
2025-03-25,teclado,Bianca,1,322.7,BELO HORIZONTE,322.7
2025-03-26,impressora,Lucas,3,1434.62,PORTO ALEGRE,4303.86
2025-03-26,ssd 1tb,Fernanda,2,464.74,SÃO PAULO,929.48
2025-03-26,notebook,Mariana,2,4625.43,RIO DE JANEIRO,9250.86
2025-03-26,roteador,Lucas,3,547.52,CURITIBA,1642.56
2025-03-26,hub usb,Pedro,2,122.42,RIO DE JANEIRO,244.84
2025-03-26,headset,Ana,2,437.33,PORTO ALEGRE,874.66
2025-03-27,hub usb,Ana,5,90.56,BELO HORIZONTE,452.8
2025-03-27,mouse,Ana,2,124.4,CURITIBA,248.8
2025-03-27,teclado,Pedro,4,325.54,SÃO PAULO,1302.16
2025-03-27,mouse,Bianca,2,133.37,SÃO PAULO,266.74
2025-03-27,ssd 1tb,Ana,2,415.59,BELO HORIZONTE,831.18
2025-03-28,headset,Ana,2,228.5,PORTO ALEGRE,457.0
2025-03-28,ssd 1tb,Pedro,1,547.86,RECIFE,547.86
2025-03-28,webcam,Pedro,1,400.32,RECIFE,400.32
2025-03-28,ssd 1tb,Carlos,4,353.81,CURITIBA,1415.24
2025-03-28,hub usb,Ana,4,88.71,SALVADOR,354.84
2025-03-29,webcam,Ana,5,279.13,BELO HORIZONTE,1395.65
2025-03-29,headset,Mariana,2,351.89,PORTO ALEGRE,703.78
2025-03-30,teclado,Ana,1,188.39,BELO HORIZONTE,188.39
2025-03-30,teclado,João,1,212.07,RIO DE JANEIRO,212.07
2025-03-31,teclado,Lucas,4,146.65,PORTO ALEGRE,586.6
2025-03-31,mouse,Ana,2,175.18,RIO DE JANEIRO,350.36
2025-03-31,webcam,Lucas,5,253.52,CURITIBA,1267.6
2025-03-31,teclado,Ana,4,288.92,CURITIBA,1155.68
2025-03-31,mouse,Ana,1,157.62,RIO DE JANEIRO,157.62
2025-03-31,mouse,Bianca,4,98.57,SÃO PAULO,394.28
2025-03-31,teclado,Mariana,2,377.05,RIO DE JANEIRO,754.1
2025-04-01,ssd 1tb,Lucas,2,578.46,BELO HORIZONTE,1156.92
2025-04-02,teclado,Lucas,6,135.89,SÃO PAULO,815.34
2025-04-02,webcam,Bianca,1,253.97,PORTO ALEGRE,253.97
2025-04-03,hub usb,Não Informado,6,151.32,SÃO PAULO,907.92
2025-04-03,ssd 1tb,Pedro,2,441.59,SÃO PAULO,883.18
2025-04-04,roteador,Não Informado,4,567.16,CURITIBA,2268.64
2025-04-04,roteador,Pedro,2,474.61,SÃO PAULO,949.22
2025-04-05,impressora,Bianca,1,1388.8,CURITIBA,1388.8
2025-04-05,mouse,Carlos,3,132.55,SÃO PAULO,397.65
2025-04-05,mouse,Bianca,6,213.15,RECIFE,1278.9
2025-04-06,ssd 1tb,Ana,2,683.11,SALVADOR,1366.22
2025-04-06,headset,Fernanda,5,136.69,BELO HORIZONTE,683.45
2025-04-06,headset,Pedro,2,455.86,PORTO ALEGRE,911.72
2025-04-07,mouse,Pedro,5,99.79,BELO HORIZONTE,498.95
2025-04-08,monitor,Carlos,3,1301.8,RIO DE JANEIRO,3905.4
2025-04-09,ssd 1tb,Bianca,3,612.04,SÃO PAULO,1836.12
2025-04-09,teclado,Carlos,1,147.51,SÃO PAULO,147.51
2025-04-10,mouse,Ana,3,63.09,PORTO ALEGRE,189.27
2025-04-10,mouse,Não Informado,1,184.98,SÃO PAULO,184.98
2025-04-11,mouse,Pedro,3,144.88,RECIFE,434.64
2025-04-11,monitor,Ana,3,1542.14,SÃO PAULO,4626.42
2025-04-11,teclado,Lucas,1,191.11,PORTO ALEGRE,191.11
2025-04-11,mouse,Fernanda,6,97.32,RECIFE,583.92
2025-04-12,teclado,Ana,1,288.38,PORTO ALEGRE,288.38
2025-04-13,mouse,Lucas,1,199.9,BH,199.9
2025-04-13,mouse,Carlos,1,153.46,RIO DE JANEIRO,153.46
2025-04-13,headset,Pedro,1,158.36,RIO DE JANEIRO,158.36
2025-04-14,monitor,João,2,1028.64,SÃO PAULO,2057.28
2025-04-14,teclado,Bianca,2,204.73,BELO HORIZONTE,409.46
2025-04-15,webcam,João,4,437.92,CAMPINAS,1751.68
2025-04-15,headset,Mariana,2,257.08,RECIFE,514.16
2025-04-16,impressora,Ana,1,1072.59,SALVADOR,1072.59
2025-04-16,notebook,João,4,4445.61,SÃO PAULO,17782.44
2025-04-16,roteador,Ana,3,741.98,SÃO PAULO,2225.94
2025-04-16,mouse,Mariana,6,1499.99,RIO DE JANEIRO,8999.94
2025-04-16,cadeira gamer,João,1,1213.46,CURITIBA,1213.46
2025-04-16,fonte,Bianca,1,325.16,RIO DE JANEIRO,325.16
2025-04-16,notebook,Fernanda,1,4295.66,SÃO PAULO,4295.66
2025-04-17,mouse,Bianca,2,192.65,RIO DE JANEIRO,385.3
2025-04-18,mouse,João,1,125.76,SALVADOR,125.76
2025-04-18,mouse,Pedro,2,55.45,RIO DE JANEIRO,110.9
2025-04-18,headset,Pedro,5,329.17,RECIFE,1645.85
2025-04-18,monitor,Pedro,2,1869.72,SALVADOR,3739.44
2025-04-18,mouse,Mariana,2,161.19,SALVADOR,322.38
2025-04-18,mouse,Bianca,4,1499.99,SÃO PAULO,5999.96
2025-04-19,headset,Ana,1,423.64,CURITIBA,423.64
2025-04-19,mouse,Lucas,4,167.11,RIO DE JANEIRO,668.44
2025-04-19,teclado,Carlos,1,241.73,RECIFE,241.73
2025-04-19,webcam,Ana,2,449.44,PORTO ALEGRE,898.88
2025-04-19,notebook,Pedro,2,5145.6,RIO DE JANEIRO,10291.2
2025-04-20,mouse,João,6,225.81,RIO DE JANEIRO,1354.86
2025-04-20,impressora,Carlos,1,837.3,SALVADOR,837.3
2025-04-20,teclado,Mariana,3,247.43,RECIFE,742.29
2025-04-21,teclado,Ana,2,333.39,CURITIBA,666.78
2025-04-22,monitor,Fernanda,4,1118.56,RECIFE,4474.24
2025-04-22,headset,Bianca,1,299.31,CURITIBA,299.31
2025-04-23,mouse,Carlos,1,168.3,RIO DE JANEIRO,168.3
2025-04-24,headset,Fernanda,2,277.26,CAMPINAS,554.52
2025-04-24,teclado,Mariana,3,129.71,SÃO PAULO,389.13
2025-04-25,impressora,Pedro,1,658.77,PORTO ALEGRE,658.77
2025-04-26,impressora,Não Informado,4,965.69,CURITIBA,3862.76
2025-04-26,headset,João,1,287.62,CURITIBA,287.62
2025-04-26,ssd 1tb,Pedro,1,570.11,RIO DE JANEIRO,570.11
2025-04-26,fonte,Fernanda,2,242.87,CAMPINAS,485.74
2025-04-27,fonte,Lucas,5,270.37,RIO DE JANEIRO,1351.85
2025-04-27,mouse,Mariana,1,214.46,SÃO PAULO,214.46
2025-04-28,monitor,Carlos,6,1370.59,SÃO PAULO,8223.54
2025-04-28,notebook,Ana,4,4843.15,RECIFE,19372.6
2025-04-28,cadeira gamer,João,3,1257.38,SALVADOR,3772.14
2025-04-28,monitor,Bianca,1,876.96,RIO DE JANEIRO,876.96
2025-04-29,monitor,Fernanda,1,1059.95,SÃO PAULO,1059.95
2025-04-30,impressora,Ana,6,1522.57,SÃO PAULO,9135.42
2025-04-30,mouse,Pedro,1,114.04,SÃO PAULO,114.04
2025-04-30,impressora,Lucas,1,628.56,SALVADOR,628.56
2025-04-30,webcam,Bianca,2,300.41,RIO DE JANEIRO,600.82
2025-04-30,roteador,Mariana,1,299.66,SÃO PAULO,299.66
2025-05-01,fonte,João,2,525.92,RIO DE JANEIRO,1051.84
2025-05-01,teclado,Ana,1,223.52,PORTO ALEGRE,223.52
2025-05-01,headset,Pedro,1,204.76,RIO DE JANEIRO,204.76
2025-05-01,ssd 1tb,Ana,3,652.68,SÃO PAULO,1958.04
2025-05-02,notebook,Bianca,1,4530.39,BELO HORIZONTE,4530.39
2025-05-02,notebook,Pedro,1,4207.87,CURITIBA,4207.87
2025-05-02,ssd 1tb,Mariana,3,594.22,RECIFE,1782.66
2025-05-02,monitor,Ana,2,1607.36,BH,3214.72
2025-05-02,impressora,Bianca,2,1160.27,SÃO PAULO,2320.54
2025-05-03,teclado,Carlos,2,206.21,CURITIBA,412.42
2025-05-03,notebook,Fernanda,1,4303.18,SÃO PAULO,4303.18
2025-05-03,ssd 1tb,Ana,2,542.21,SÃO PAULO,1084.42
2025-05-03,mouse,Lucas,1,181.91,SÃO PAULO,181.91
2025-05-04,headset,Bianca,5,510.61,PORTO ALEGRE,2553.05
2025-05-05,monitor,Lucas,1,1302.7,RIO DE JANEIRO,1302.7
2025-05-05,roteador,João,1,510.29,SÃO PAULO,510.29
2025-05-06,impressora,Pedro,6,915.46,SÃO PAULO,5492.76
2025-05-06,webcam,Ana,2,177.12,SALVADOR,354.24
2025-05-06,notebook,Ana,2,3148.82,RIO DE JANEIRO,6297.64
2025-05-07,monitor,Fernanda,1,1057.36,SÃO PAULO,1057.36
2025-05-08,mouse,Mariana,1,94.51,PORTO ALEGRE,94.51
2025-05-09,roteador,Mariana,2,316.05,RECIFE,632.1
2025-05-09,notebook,Não Informado,2,3472.91,BELO HORIZONTE,6945.82
2025-05-10,impressora,João,1,621.39,SÃO PAULO,621.39
2025-05-12,teclado,Carlos,4,345.75,PORTO ALEGRE,1383.0
2025-05-13,notebook,Carlos,3,1944.15,RIO DE JANEIRO,5832.45
2025-05-14,headset,Pedro,1,208.08,SÃO PAULO,208.08
2025-05-15,notebook,Bianca,1,258.82,CAMPINAS,258.82
2025-05-15,cadeira gamer,Lucas,1,1004.92,RECIFE,1004.92
2025-05-15,roteador,Ana,2,492.4,SÃO PAULO,984.8
2025-05-15,hub usb,Bianca,2,152.01,PORTO ALEGRE,304.02
2025-05-16,teclado,Carlos,2,1005.1,CAMPINAS,2010.2
2025-05-16,notebook,Mariana,3,4951.14,SÃO PAULO,14853.42
2025-05-16,notebook,João,1,4447.01,BELO HORIZONTE,4447.01
2025-05-16,headset,Lucas,1,351.98,RIO DE JANEIRO,351.98
2025-05-17,ssd 1tb,João,1,446.67,SALVADOR,446.67
2025-05-17,fonte,João,1,337.76,RECIFE,337.76
2025-05-18,roteador,Mariana,3,199.9,RIO DE JANEIRO,599.7
2025-05-18,teclado,Pedro,1,180.29,PORTO ALEGRE,180.29
2025-05-19,teclado,João,2,203.14,RIO DE JANEIRO,406.28
2025-05-19,webcam,João,2,171.41,CURITIBA-PR,342.82
2025-05-19,mouse,Carlos,4,107.47,SP,429.88
2025-05-20,hub usb,Não Informado,2,148.66,SÃO PAULO,297.32
2025-05-20,notebook,Carlos,2,3290.3,RIO DE JANEIRO,6580.6
2025-05-20,hub usb,Bianca,4,139.73,SÃO PAULO,558.92
2025-05-20,mouse,João,1,1164.06,BELO HORIZONTE,1164.06
2025-05-20,teclado,Fernanda,2,288.11,CAMPINAS,576.22
2025-05-20,notebook,Ana,1,3815.38,SÃO PAULO,3815.38
2025-05-21,mouse,João,1,204.03,RIO DE JANEIRO,204.03
2025-05-21,cadeira gamer,Ana,2,1207.91,PORTO ALEGRE,2415.82
2025-05-21,headset,Lucas,2,504.32,RIO DE JANEIRO,1008.64
2025-05-22,ssd 1tb,Carlos,3,343.8,RIO DE JANEIRO,1031.4
2025-05-22,monitor,Fernanda,1,895.89,SÃO PAULO,895.89
2025-05-23,notebook,Lucas,3,5586.69,SALVADOR,16760.07
2025-05-23,mouse,Fernanda,3,212.89,PORTO ALEGRE,638.67
2025-05-23,notebook,Bianca,3,476.8,CURITIBA,1430.4
2025-05-24,mouse,João,2,135.21,CURITIBA,270.42
2025-05-25,notebook,Pedro,2,69.52,SÃO PAULO,139.04
2025-05-27,webcam,Fernanda,2,126.2,RIO DE JANEIRO,252.4
2025-05-28,mouse,João,2,187.59,SÃO PAULO,375.18
2025-05-29,roteador,João,1,726.46,RIO DE JANEIRO,726.46
2025-05-29,teclado,Ana,6,446.61,RECIFE,2679.66
2025-05-29,monitor,Bianca,1,1238.78,CAMPINAS,1238.78
2025-05-30,monitor,Carlos,2,1028.95,SALVADOR,2057.9
2025-05-30,hub usb,Pedro,4,107.66,SÃO PAULO,430.64
2025-05-31,teclado,Ana,2,179.28,SÃO PAULO,358.56
